Video Title,Number of Comments
The One Bike For Everything! | Video link in comments!,539
is Honda CB350 RS is better than RE Himalayan Scram 411?,4
Top 5 Reasons to NOT Buy @hondabigwingindia CB350RS || Torqueify,89
Real Struggle of 5&#39;6 height on Honda CB350 RS #shorts #hondacb350rs #hondacb350,425
üî•New Honda CB350 2023üò≤ Unbelievable Mileage #honda #cb350 #mileage #trending #india #viral #shorts‚ö°Ô∏è,1
"New Royal Enfield Classic 350 Vs Meteor 350 Review | Better Commuter, Tourer Bike To Buy? | BikeWale",586
"Royal Enfield Hunter 350 vs Classic 350 vs Meteor 350 - Acceleration, Mileage and Braking Compared",142
Royal Enfield Classic 350 vs Meteor 350 | Comparison Test | ZigWheels,290
"Royal Enfield METEOR 350 -V- CLASSIC 350, Motorcycle comparison! Which one is best for YOU?",248
"Classic 350 vs Meteor 350 | Buyer‚Äôs dilemma, seller&#39;s choice! | PowerDrift",521
Tvs Apache 200 4v vs Yamaha Mt-15 v2 || what an amazing drag race üî•üî•||,638
RTR 200 4V 2022 delivery // tvs Apache rtr 200 4v bs6 delivery #shorts #apache,21
Apache 200 4v üíôwith Duke 200 headlight ‚ö°#shorts,95
2023 TVS Apache 200 4v Exhaust Sound üî• #shorts #rtr2004v,5
Apache RTR 200 4V Race Edition Review | ft.Hyper Riding,294
"Suzuki Gixxer SF 250 &amp; Gixxer SF Launch | Price, First Look &amp; Walkaround | Autocar India",128
Suzuki Gixxer SF 250 BS6 model | first look |,29
New Suzuki Gixxer SF 250 BS6 MotoGP Edition Unveiled At Auto Expo | First Look | Exterior,1
2020 Suzuki Gixxer SF Bs6 First Look | Auto Expo Show 2020 | Walk-Around,3
2020 Suzuki Gixxer SF 250 BS6 Unveiled At Auto Expo 2020 | First Look | Walkaround | Exterior,0
Ktm duke 200 new model 2023 || New colorüé® duke 200 bs6 2023 || #ktm #duke #duke200 #shorts #ktmduke,94
KTM RC200 VS PULSAR RS200 TOCHAN TEST || TUG OF WARS ||,163
Evolution of KTM DUKE 200 (2013 - 2023),16
KTM DUKE 200 Delivery,296
KTM 390 Adventure Range Explained,111
